{
    "cv_roc_auc": 0.918639053254438,
    "cv_accuracy": 0.9038461538461539,
    "cv_precision": 0.8888888888888888,
    "cv_recall": 0.9230769230769231,
    "cv_f1": 0.9056603773584906,
    "cv_score_mean": 0.9199999999999999,
    "cv_score_std": 0.09797958971132709,
    "test_roc_auc": 0.7083333333333334,
    "test_accuracy": 0.75,
    "test_precision": 0.5,
    "test_recall": 0.5,
    "test_f1": 0.5,
    "accuracy_ci_lower": 0.0,
    "accuracy_ci_upper": 0.0,
    "precision_ci_lower": 0.0,
    "precision_ci_upper": 0.0,
    "recall_ci_lower": 0.0,
    "recall_ci_upper": 0.0,
    "f1_ci_lower": 0.0,
    "f1_ci_upper": 0.0,
    "roc_auc_ci_lower": 0.0,
    "roc_auc_ci_upper": 0.0,
    "overfitting_gap": 0.15384615384615385,
    "cost_loss": 0.0,
    "final_features": [
        {
            "feature": "loan_extravagance_interaction",
            "importance": 0.5645919650742974
        },
        {
            "feature": "worship_to_vigilance_ratio",
            "importance": 0.4354080349257027
        }
    ],
    "model_path": "save_models/custom_model_20250716_163822.pkl",
    "model_checksum": "d37a16d59c8f43df3b3bd79110396bbfc465080d10c440bd279f9f241f69f72e",
    "scaler_path": "save_scalers/custom_scaler_20250716_163822.pkl",
    "scaler_checksum": "6735757a50b397a5b821414244e256cde9bbdc95bb06e20ba48d29ba27d20df4",
    "metadata_path": "output_data/metadata_20250716_163822.csv",
    "metadata_checksum": "987c95f5745d296725e4ac02bba7acd833427288cec6599a45b512a3980de6dc",
    "timestamp": "20250716_163822",
    "decision_threshold": 0.5,
    "scoring": "f1",
    "n_estimators": [
        50,
        100,
        200
    ],
    "max_depth": [
        3,
        5,
        10,
        null
    ],
    "min_samples_split": [
        2,
        5,
        10
    ],
    "n_features_to_select": 10,
    "n_folds": 5,
    "random_state": 42,
    "oversampling_method": "borderline",
    "categorical_features": [],
    "use_undersampling": false,
    "max_vif": 1.5,
    "n_bootstraps": 500,
    "alpha": 0.05,
    "test_size": 0.2,
    "memory_threshold": 1000000000,
    "cost_weight": {
        "0": 1,
        "1": 1
    },
    "package_versions": {
        "sklearn": "1.6.1",
        "joblib": "1.3.2",
        "pandas": "1.5.3",
        "numpy": "1.26.4"
    }
}